Day,Altitude
1.0069444444444444,399.97321292638685
2.002314814814815,399.9467149831038
3.009259259259259,399.91988991194034
4.00462962962963,399.89335435455854
5.0,399.86680005907266
6.006944444444445,399.83991789946333
7.002314814814815,399.81332582960744
8.00925925925926,399.7864054020094
9.00462962962963,399.7597754501626
10.0,399.7331266266154
11.006944444444445,399.7061487035509
12.002314814814815,399.67946183602606
13.00925925925926,399.65244537165484
14.00462962962963,399.62572035137845
15.0,399.59897632437014
16.006944444444443,399.5719019531412
17.002314814814813,399.54511960965397
18.00925925925926,399.5180064208461
19.00462962962963,399.49118565092704
20.0,399.46434573778885
21.006944444444443,399.43717422630635
22.002314814814813,399.4102957212506
23.00925925925926,399.38308511294053
24.00462962962963,399.35616790481936
25.0,399.3292314155251
26.006944444444443,399.3019620642215
27.002314814814813,399.2749867045786
28.00925925925926,399.2476779741822
29.00462962962963,399.220663631849
30.0,399.19362986888734
31.006944444444443,399.16626197061964
32.00231481481482,399.1391890558675
33.00925925925926,399.11178149317203
34.004629629629626,399.08466931305264
35.0,399.0575375713268
36.00694444444444,399.03007041125466
37.00231481481482,399.00289923321924
38.00925925925926,398.97539212026913
39.004629629629626,398.9481813911181
40.0,398.9209509578422
41.00694444444444,398.8933838133169
42.00231481481482,398.8661136561027
43.00925925925926,398.83850626709034
44.004629629629626,398.8111962698726
45.0,398.78386642445065
46.00694444444444,398.7561985648973
47.00231481481482,398.7288287047539
48.00925925925926,398.70112030590604
49.004629629629626,398.6737103136992
50.0,398.6462803276172
51.00694444444444,398.6185110144438
52.00231481481482,398.59104071965254
53.00925925925926,398.5632305691168
54.004629629629626,398.53571984697135
55.0,398.50818898368067
56.00694444444444,398.4803174701184
57.00231481481482,398.45274600087106
58.00925925925926,398.4248333485862
59.004629629629626,398.39722115342227
60.0,398.36958866821413
61.00694444444444,398.3416141992295
62.00231481481482,398.31394080752136
63.00925925925926,398.2859248951031
64.00462962962963,398.25821047560873
65.0,398.2304756154902
66.00694444444444,398.20239742765295
67.00231481481481,398.17462135714106
68.00925925925925,398.14650141776076
69.00462962962963,398.1186840142216
70.0,398.0908460178133
71.00694444444444,398.0626633391725
72.00231481481481,398.03478382508735
73.00925925925925,398.00655908333977
74.00462962962963,397.9786379275527
75.0,397.95069602494317
76.00694444444444,397.9224080748828
77.00231481481481,397.89442434385325
78.00925925925925,397.86609401563
79.00462962962963,397.8380683307592
80.0,397.81002174338045
81.00694444444444,397.78162773251813
82.00231481481481,397.75353900247535
83.00925925925925,397.72510229483714
84.00462962962963,397.69697129529806
85.0,397.6688192358054
86.00694444444444,397.6403183658421
87.00231481481481,397.61212384589015
88.00925925925925,397.5835799569348
89.00462962962963,397.55534284825063
90.0,397.5270845203791
91.00694444444444,397.4984759839708
92.00231481481481,397.47017487423494
93.00925925925925,397.44152299295274
94.00462962962963,397.4131789716231
95.0,397.38481357005236
96.00694444444444,397.3560965506686
97.00231481481481,397.32768804216755
98.00925925925925,397.29892734831293
99.00462962962963,397.27047560166193
100.0,397.24200231189747
101.00694444444444,397.2131759836795
102.00231481481481,397.1846592581971
103.00925925925925,397.1557889221432
104.00462962962963,397.1272286282163
105.0,397.0986466264175
106.00694444444444,397.0697101540528
107.00231481481481,397.0410843839636
108.00925925925925,397.0121035665572
109.00462962962963,396.9834338939404
110.0,396.95474234679716
111.00694444444444,396.925694885348
112.00231481481481,396.896959233528
113.00925925925925,396.86786708594764
114.00462962962963,396.8390871936465
115.0,396.8102852582373
116.00694444444444,396.7811259530159
117.00231481481481,396.75227957264053
118.00925925925925,396.72307523624505
119.00462962962963,396.6941842735205
120.0,396.6652710971553
121.00694444444444,396.63599908356366
122.00231481481481,396.6070411179867
123.00925925925925,396.57772372415474
124.00462962962963,396.5487208303865
125.0,396.5196955504585
126.00694444444444,396.4903099538172
127.00231481481481,396.4612395364186
128.00925925925927,396.43180820641106
129.00462962962962,396.4026925109364
130.0,396.37355425476096
131.00694444444446,396.3440541901896
132.0023148148148,396.3148704442056
133.00925925925927,396.28532428900525
134.00462962962962,396.25609491096344
135.0,396.22684279563276
136.00694444444446,396.19722736785934
137.0023148148148,396.1679294062424
138.00925925925927,396.1382675263723
139.00462962962962,396.10892357454355
140.0,396.07955670675636
141.00694444444446,396.04982500996164
142.0023148148148,396.0204119352018
143.00925925925927,395.99063342057633
144.00462962962962,395.9611739932094
145.0,395.9316914691012
146.00694444444446,395.901842586766
147.0023148148148,395.87231349073073
148.00925925925927,395.842417420486
149.00462962962962,395.8128416051548
150.0,395.78324251015016
151.00694444444446,395.7532755148737
152.0023148148148,395.72362947864735
153.00925925925927,395.6936149209803
154.00462962962962,395.66392179440146
155.0,395.63420520304237
156.00694444444446,395.6041191563625
157.0023148148148,395.5743552500615
158.00925925925927,395.5442212620331
159.00462962962962,395.5144098898908
160.0,395.48457486563365
161.00694444444446,395.4543688178658
162.0023148148148,395.4244861004865
163.00925925925927,395.3942317278674
164.00462962962962,395.364301164628
165.0,395.3343467596965
166.00694444444446,395.30401974974757
167.0023148148148,395.2740172689529
168.00925925925927,395.2436415460296
169.00462962962962,395.2135908347955
170.0,395.18351608999075
171.00694444444446,395.1530671451688
172.0023148148148,395.12294393713216
173.00925925925927,395.0924458865207
174.00462962962962,395.06227405880674
175.0,395.0320780033311
176.00694444444446,395.0015061391713
177.0023148148148,394.9712612283882
178.00925925925927,394.9406398608452
179.00462962962962,394.9103459364148
180.0,394.88002758765964
181.00694444444446,394.8493318077177
182.0023148148148,394.81896420681386
183.00925925925927,394.78821852105483
184.00462962962962,394.7578015077263
185.0,394.7273598711025
186.00694444444446,394.69653916677925
187.0023148148148,394.66604787630865
188.00925925925927,394.6351768587995
189.00462962962962,394.6046357522346
190.0,394.5740698209824
191.00694444444446,394.543123171309
192.0023148148148,394.51250717957225
193.00925925925927,394.481509804341
194.00462962962962,394.4508435878782
195.0,394.42015234283264
196.00694444444446,394.3890787142683
197.0023148148148,394.358336997089
198.00925925925927,394.32721222550515
199.00462962962962,394.2964198699184
200.0,394.26560227935204
201.00694444444446,394.2344006255921
202.0023148148148,394.20353214614187
203.00925925925927,394.1722789267227
204.00462962962962,394.141359390039
205.0,394.11041440940556
206.00694444444446,394.0790836711498
207.0023148148148,394.0480873797061
208.00925925925927,394.016704647894
209.00462962962962,393.98565687519124
210.0,393.9545834469618
211.00694444444446,393.9231225517141
212.0023148148148,393.8919973854646
213.00925925925927,393.86048406341115
214.00462962962962,393.8293069865676
215.0,393.7981040399792
216.00694444444446,393.7665119018173
217.0023148148148,393.7352567846505
218.00925925925927,393.7036117809992
219.00462962962962,393.67230431850254
220.0,393.6409707693318
221.00694444444446,393.6092462886926
222.0023148148148,393.57786013093965
223.00925925925927,393.5460823405972
224.00462962962962,393.51464339730796
225.0,393.48317814768944
226.00694444444446,393.45132021112556
227.0023148148148,393.4198019093731
228.00925925925927,393.3878902132688
229.00462962962962,393.35631868019516
230.0,393.32472061834017
231.00694444444446,393.2927280982984
232.0023148148148,393.2610765351346
233.00925925925927,393.22902979999685
234.00462962962962,393.1973245540438
235.0,393.1655925540291
236.00694444444446,393.1334643086074
237.0023148148148,393.1016783523802
238.00925925925927,393.0694954304937
239.00462962962962,393.03765533425195
240.0,393.0057882557856
241.00694444444446,392.9735231284732
242.0023148148148,392.94160163305884
243.00925925925927,392.9092813620046
244.00462962962962,392.8773052634718
245.0,392.845301951631
246.00694444444446,392.8128987710923
247.0023148148148,392.7808405756354
248.00925925925927,392.74838177805117
249.00462962962962,392.71626851041896
250.0,392.68412779539636
251.00694444444446,392.6515853751879
252.0023148148148,392.6193893038649
253.00925925925927,392.5867907871893
254.00462962962962,392.5545391685618
255.0,392.5222598654367
256.00694444444446,392.4895770037491
257.00231481481484,392.45724186549893
258.00925925925924,392.4245024216976
259.0046296296296,392.3921112548299
260.0,392.3596921632709
261.00694444444446,392.3268676426699
262.00231481481484,392.29439223092515
263.00925925925924,392.26151063623
264.0046296296296,392.2289787082793
265.0,392.19641861230696
266.00694444444446,392.163451199471
267.00231481481484,392.1308342919033
268.00925925925924,392.09780930654796
269.0046296296296,392.0651353887869
270.0,392.03243305647464
271.00694444444446,391.99932150188647
272.00231481481484,391.966561860105
273.00925925925924,391.9333922280138
274.0046296296296,391.9005750755565
275.0,391.8677292587701
276.00694444444446,391.8344722964596
277.00231481481484,391.80156866575965
278.00925925925924,391.76825311429985
279.0046296296296,391.7352914658105
280.0,391.70230089990514
281.00694444444446,391.6688972471561
282.00231481481484,391.6358483562106
283.00925925925924,391.60238559586276
284.0046296296296,391.5692781732855
285.0,391.53614157683774
286.00694444444446,391.5025899338806
287.00231481481484,391.4693944944516
288.00925925925924,391.4357832185356
289.0046296296296,391.40252872676587
290.0,391.36924480124844
291.00694444444446,391.33554385096113
292.00231481481484,391.30220055758394
293.00925925925924,391.26843944194167
294.0046296296296,391.2350365685513
295.0,391.20160399803706
296.00694444444446,391.16775240562765
297.00231481481484,391.1342599353418
298.00925925925924,391.10034763802867
299.0046296296296,391.06679505293164
300.0,391.033212503803
301.00694444444446,390.99920891651044
302.00231481481484,390.9655659284946
303.00925925925924,390.9315010894565
304.0046296296296,390.89779744461646
305.0,390.8640635652114
306.00694444444446,390.8299066119734
307.00231481481484,390.79611174726205
308.00925925925924,390.7618929880066
309.0046296296296,390.7280369170858
310.0,390.69415033738596
311.00694444444446,390.6598386285063
312.00231481481484,390.6258905096399
313.00925925925924,390.5915164329121
314.0046296296296,390.5575065509584
315.0,390.523465882265
316.00694444444446,390.4889980090568
317.00231481481484,390.45489523975647
318.00925925925924,390.42036442918146
319.0046296296296,390.3861993322708
320.0,390.3520031668516
321.00694444444446,390.31737770131787
322.00231481481484,390.2831188661214
323.00925925925924,390.2484298858624
324.0046296296296,390.2141081507765
325.0,390.17975506151373
326.00694444444446,390.14497055598537
327.00231481481484,390.11055421993416
328.00925925925924,390.07570561433954
329.0046296296296,390.0412257981869
330.0,390.00671433823464
331.00694444444446,389.97176932498536
332.00231481481484,389.9371940332176
333.00925925925924,389.9021843264345
334.0046296296296,389.86754496628976
335.0,389.83287366869394
336.00694444444446,389.7977666595988
337.00231481481484,389.7630309370039
338.00925925925924,389.7278586326279
339.0046296296296,389.6930582451746
340.0,389.658225622504
341.00694444444446,389.62295510864817
342.00231481481484,389.5880574594941
343.00925925925924,389.5527210401669
344.0046296296296,389.517758121293
345.0,389.4827626652541
346.00694444444446,389.4473271165332
347.00231481481484,389.4122660240671
348.00925925925924,389.37676395110225
349.0046296296296,389.34163697552776
350.0,389.30647715659813
351.00694444444446,389.2708750213301
352.00231481481484,389.2356489473861
353.00925925925924,389.1999796603462
354.0046296296296,389.16468708122335
355.0,389.1293613481922
356.00694444444446,389.09359105272216
357.00231481481484,389.05819843732286
358.00925925925924,389.02236035362256
359.0046296296296,388.9869006021228
360.0,388.95140738173666
361.00694444444446,388.91546732998734
362.00231481481484,388.87990659092554
363.00925925925924,388.84389810539875
364.0046296296296,388.8082695902912
365.0,388.7726072868146
366.00694444444446,388.73649585988466
367.00231481481484,388.7007653922895
368.00925925925924,388.66458487677204
369.0046296296296,388.62878598399556
370.0,388.5929529787665
371.00694444444446,388.55666853448656
372.00231481481484,388.52076671041084
373.00925925925924,388.48441251328774
374.0046296296296,388.44844160551486
375.0,388.4124362565335
376.00694444444446,388.3759771290105
377.00231481481484,388.33990229696406
378.00925925925924,388.3033727427153
379.0046296296296,388.2672281589052
380.0,388.23104880034737
381.00694444444446,388.19441329952144
382.00231481481484,388.15816378402246
383.00925925925924,388.1214571727859
384.0046296296296,388.0851372277308
385.0,388.04878216951715
386.00694444444446,388.01196858067436
387.00231481481484,387.97554268178715
388.00925925925924,387.9386572888354
389.0046296296296,387.90216027266626
390.0,387.8656277999645
391.00694444444446,387.8286343832668
392.00231481481484,387.7920303761177
393.00925925925924,387.7549644514136
394.0046296296296,387.71828862913327
395.0,387.6815770018846
396.00694444444446,387.6444019918712
397.00231481481484,387.6076181261651
398.00925925925924,387.5703698938489
399.0046296296296,387.5335135048386
400.0,387.4966209572684
401.00694444444446,387.4592625623569
402.00231481481484,387.42229706187175
403.00925925925924,387.38486471974943
404.0046296296296,387.34782597726024
405.0,387.31075071734006
406.00694444444446,387.27320711929815
407.00231481481484,387.2360581813576
408.00925925925924,387.19843990038055
409.0046296296296,387.1612169909989
410.0,387.1239571999665
411.00694444444446,387.086226553387
412.00231481481484,387.0488923483491
413.00925925925924,387.0110862720702
414.0046296296296,386.9736773552131
415.0,386.93623118699526
416.00694444444446,386.8983116187481
417.00231481481484,386.8607902894793
418.00925925925924,386.82279453352186
419.0046296296296,386.7851977408724
420.0,386.7475633215634
421.00694444444446,386.7094529302437
422.00231481481484,386.67174259151614
423.00925925925924,386.6335552429892
424.0046296296296,386.59576867792475
425.0,386.55794410521725
426.00694444444446,386.519640960576
427.00231481481484,386.48173969854975
428.00925925925924,386.4433588154772
429.0046296296296,386.4053805525247
430.0,386.3673638951201
431.00694444444446,386.32886603745726
432.00231481481484,386.29077190906366
433.00925925925924,386.25219551980217
434.0046296296296,386.21402360402976
435.0,386.1758129010536
436.00694444444446,386.1371183406413
437.00231481481484,386.09882937300483
438.00925925925924,386.06005547561404
439.0046296296296,386.0216879220344
440.0,385.983281182454
441.00694444444446,385.9443878989117
442.00231481481484,385.90590208871663
443.00925925925924,385.8669286503624
444.0046296296296,385.8283634433076
445.0,385.7897586452719
446.00694444444446,385.75066458692123
447.00231481481484,385.71197989981715
448.00925925925924,385.67280485612156
449.0046296296296,385.63403994862267
450.0,385.59523503884486
451.00694444444446,385.55593812206575
452.00231481481484,385.5170524919853
453.00925925925924,385.4776737463484
454.0046296296296,385.4387070594551
455.0,385.3996999525465
456.00694444444446,385.3601980611291
457.00231481481484,385.32110938964877
458.00925925925924,385.28152481261736
459.0046296296296,385.2423542347513
460.0,385.20314281255844
461.00694444444446,385.16343379700186
462.00231481481484,385.12413995265587
463.00925925925924,385.0843473811941
464.0046296296296,385.04497076746264
465.0,385.00555287836585
466.00694444444446,384.96563455517776
467.00231481481484,384.9261333727492
468.00925925925924,384.8861306095477
469.0046296296296,384.8465457810331
470.0,384.80691923926116
471.00694444444446,384.7667893902315
472.00231481481484,384.72707867006494
473.00925925925924,384.68686348282455
474.0046296296296,384.64706822585686
475.0,384.6072308107447
476.00694444444446,384.56688718222176
477.00231481481484,384.5269646894531
478.00925925925924,384.48653481010257
479.0046296296296,384.44652687551826
480.0,384.4064763307376
481.00694444444446,384.3659166328572
482.00231481481484,384.32578009668737
483.00925925925924,384.28513322064003
484.0046296296296,384.2449103230322
485.0,384.2046443558624
486.00694444444446,384.1638662617672
487.00231481481484,384.1235133746676
488.00925925925924,384.08264716003833
489.0046296296296,384.0422069769502
490.0,384.0017232574681
491.00694444444446,383.96072440252266
492.00231481481484,383.9201528194575
493.00925925925924,383.8790648862412
494.0046296296296,383.83840505738556
495.0,383.7977012176765
496.00694444444446,383.7564791986188
497.00231481481484,383.71568653622177
498.00925925925924,383.6743744654665
499.0046296296296,383.6334925918784
500.0,383.5925662251813
501.00694444444446,383.55111859930213
502.00231481481484,383.51010243501236
503.00925925925924,383.4685637679612
504.0046296296296,383.42745741116346
505.0,383.38630607102624
506.00694444444446,383.34463035528455
507.00231481481484,383.3033882265156
508.00925925925924,383.2616204637242
509.0046296296296,383.2202871448575
510.0,383.1789083442688
511.00694444444446,383.1370020144051
512.0023148148148,383.0955314176511
513.0092592592592,383.05353201810175
514.0046296296297,383.0119692169987
515.0,382.9703604274681
516.0069444444445,382.92822091707774
517.0023148148148,382.8865193069885
518.0092592592592,382.84428568714486
519.0046296296297,382.80249084144646
520.0,382.76064949209893
521.0069444444445,382.7182741917102
522.0023148148148,382.67633898016066
523.0092592592592,382.6338685130207
524.0046296296297,382.5918390172003
525.0,382.54976249380314
526.0069444444445,382.50714874988887
527.0023148148148,382.4649773050109
528.0092592592592,382.4222673191326
529.0046296296297,382.38000052354204
530.0,382.3376861675456
531.0069444444445,382.29483128153623
532.0023148148148,382.25242092674694
533.0092592592592,382.2094687052295
534.0046296296297,382.1669619150758
535.0,382.1244070225749
536.0069444444445,382.0813082498247
537.0023148148148,382.038656262774
538.0092592592592,381.99545904223714
539.0046296296297,381.95270951656903
540.0,381.909911337303
541.0069444444445,381.86656588603836
542.0023148148148,381.82366949759796
543.0092592592592,381.78022446708474
544.0046296296297,381.7372294177199
545.0,381.6941851539733
546.0069444444445,381.65059018421175
547.0023148148148,381.6074465773692
548.0092592592592,381.56375087728816
549.0046296296297,381.5205074677365
550.0,381.47721427325905
551.0069444444445,381.43336689568775
552.0023148148148,381.38997320443207
553.0092592592592,381.34602392539193
554.0046296296297,381.302529269713
555.0,381.2589842485944
556.0069444444445,381.2148815234257
557.0023148148148,381.17123483163954
558.0092592592592,381.12702901329936
559.0046296296297,381.083280174965
560.0,381.0394803804578
561.0069444444445,380.9951193162426
562.0023148148148,380.9512166564865
563.0092592592592,380.90675128637815
564.0046296296297,380.86274527707326
565.0,380.8186877104146
566.0069444444445,380.7740652628299
567.0023148148148,380.729903615159
568.0092592592592,380.68517562742716
569.0046296296297,380.6409094058201
570.0,380.59659101497755
571.0069444444445,380.5517040855605
572.0023148148148,380.50728037625737
573.0092592592592,380.4622866504099
574.0046296296297,380.41775712089986
575.0,380.37317479931096
576.0069444444445,380.3280202341862
577.0023148148148,380.2833313344987
578.0092592592592,380.23806869409697
579.0046296296297,380.1932727055289
580.0,380.14842329081614
581.0069444444445,380.10299787934684
582.0023148148148,380.05804060415926
583.0092592592592,380.01250581545105
584.0046296296297,379.96744015974457
585.0,379.9223204323379
586.0069444444445,379.87662090577277
587.0023148148148,379.83139201223105
588.0092592592592,379.78558178279735
589.0046296296297,379.74024319358915
590.0,379.6948498753514
591.0069444444445,379.6488729054006
592.0023148148148,379.6033690915117
593.0092592592592,379.55728006881475
594.0046296296297,379.51166522003615
595.0,379.4659949728418
596.0069444444445,379.41973717023524
597.0023148148148,379.37395507344513
598.0092592592592,379.3275838433756
599.0046296296297,379.28168934778404
600.0,379.2357387720337
601.0069444444445,379.18919668500126
602.0023148148148,379.143132880657
603.0092592592592,379.09647596599723
604.0046296296297,379.0502983736731
605.0,379.00406400677934
606.0069444444445,378.9572341195345
607.0023148148148,378.9108851194028
608.0092592592592,378.8639389782669
609.0046296296297,378.8174747750452
610.0,378.7709530898761
611.0069444444445,378.72383182099276
612.0023148148148,378.67719407163935
613.0092592592592,378.629955095876
614.0046296296297,378.5832007017639
615.0,378.53638810501246
616.0069444444445,378.48897180579695
617.0023148148148,378.4420416869456
618.0092592592592,378.39450620044397
619.0046296296297,378.3474579679426
620.0,378.3003507984728
621.0069444444445,378.2526357512847
622.0023148148148,378.2054095741622
623.0092592592592,378.1575738311652
624.0046296296297,378.1102280435739
625.0,378.06282257070205
626.0069444444445,378.0148049871605
627.0023148148148,377.9672789927339
628.0092592592592,377.9191391760567
629.0046296296297,377.87149204570056
630.0,377.82378446740563
631.0069444444445,377.7754604866244
632.0023148148148,377.72763084380887
633.0092592592592,377.6791830630023
634.0046296296297,377.6312307294328
635.0,377.58321717056634
636.0069444444445,377.53458285727817
637.0023148148148,377.48644566108754
638.0092592592592,377.4376859505577
639.0046296296297,377.3894244786594
640.0,377.3411009890046
641.0069444444445,377.29215233163444
642.0023148148148,377.2437036012709
643.0092592592592,377.1946279183272
644.0046296296297,377.14605329639653
645.0,377.0974158487571
646.0069444444445,377.04814875744006
647.0023148148148,376.9993844343098
648.0092592592592,376.94998865717184
649.0046296296297,376.90109679488467
650.0,376.8521412830595
651.0069444444445,376.8025515875909
652.0023148148148,376.7534675332671
653.0092592592592,376.7037474589627
654.0046296296297,376.6545341853453
655.0,376.6052564220419
656.0069444444445,376.55533986975627
657.0023148148148,376.50593186388073
658.0092592592592,376.4558832061086
659.0046296296297,376.40634426737205
660.0,376.3567399820583
661.0069444444445,376.30649223564285
662.0023148148148,376.25675597373487
663.0092592592592,376.20637436065914
664.0046296296297,376.15650541802125
665.0,376.1065702547273
666.0069444444445,376.05598688996395
667.0023148148148,376.00591798118313
668.0092592592592,375.9551989531349
669.0046296296297,375.90499558051584
670.0,375.85472509549464
671.0069444444445,375.8038015989168
672.0023148148148,375.7533955637272
673.0092592592592,375.7023345708186
674.0046296296297,375.6517922524894
675.0,375.601181911882
676.0069444444445,375.54991367835925
677.0023148148148,375.4991659461241
678.0092592592592,375.4477583458256
679.0046296296297,375.3968724739887
680.0,375.3459176513646
681.0069444444445,375.2942999816062
682.0023148148148,375.2432058881046
683.0092592592592,375.19144694269824
684.0046296296297,375.1402128149318
685.0,375.08890878873507
686.0069444444445,375.0369368867008
687.0023148148148,374.985491671565
688.0092592592592,374.9333765455205
689.0046296296297,374.8817893621996
690.0,374.8301313131349
691.0069444444445,374.77780028336963
692.0023148148148,374.7259990874026
693.0092592592592,374.6735228446769
694.0046296296297,374.6215777062736
695.0,374.56956071459035
696.0069444444445,374.51686555944474
697.0023148148148,374.4647034218805
698.0092592592592,374.4118610231085
699.0046296296297,374.35955292738976
700.0,374.3071719700629
701.0069444444445,374.25410758683086
702.0023148148148,374.20157944247967
703.0092592592592,374.14836574206595
704.0046296296297,374.09568958119957
705.0,374.04293952902316
706.0069444444445,373.9895007070014
707.0023148148148,373.9366013833024
708.0092592592592,373.88301112641676
709.0046296296297,373.8299616839895
710.0,373.776837298573
711.0069444444445,373.7230187159516
712.0023148148148,373.6697429299094
713.0092592592592,373.61577074937895
714.0046296296297,373.56234269728793
715.0,373.50883862791767
716.0069444444445,373.4546348486273
717.0023148148148,373.40097720365225
718.0092592592592,373.3466176167317
719.0046296296297,373.29280551198497
720.0,373.2389162923927
721.0069444444445,373.184321762803
722.0023148148148,373.1302767454162
723.0092592592592,373.0755241504414
724.0046296296297,373.0213224318186
725.0,372.96704247684403
726.0069444444445,372.91205152233783
727.0023148148148,372.857613498806
728.0092592592592,372.8024621717343
729.0046296296297,372.7478651563441
730.0,372.69318875844965
731.0069444444445,372.6377955799047
732.0023148148148,372.58295879266785
733.0092592592592,372.52740288349054
734.0046296296297,372.4724047631854
735.0,372.4173260888569
736.0069444444445,372.36152475896665
737.0023148148148,372.3062833230346
738.0092592592592,372.2503168520406
739.0046296296297,372.19491168971825
740.0,372.13942477573363
741.0069444444445,372.0832092351886
742.0023148148148,372.02755713431446
743.0092592592592,371.9711739882454
744.0046296296297,371.91535571401937
745.0,371.8594544635732
746.0069444444445,371.80281851712147
747.0023148148148,371.7467495998787
748.0092592592592,371.68994352790713
749.0046296296297,371.63370593507585
750.0,371.57738411373924
751.0069444444445,371.5203214261066
752.0023148148148,371.46382940181064
753.0092592592592,371.4065940113906
754.0046296296297,371.3499307523286
755.0,371.2931819839189
756.0069444444445,371.23568607553466
757.0023148148148,371.17876451000944
758.0092592592592,371.12109326255785
759.0046296296297,371.0639978444064
760.0,371.0068156066304
761.0069444444445,370.9488798492048
762.0023148148148,370.8915221603932
763.0092592592592,370.8334083668003
764.0046296296297,370.77587414699605
765.0,370.71825176693125
766.0069444444445,370.65986937890386
767.0023148148148,370.60206883228665
768.0092592592592,370.5435056482768
769.0046296296297,370.48552582992613
770.0,370.42745647939574
771.0069444444445,370.36862052113935
772.0023148148148,370.31037022498066
773.0092592592592,370.25135064625556
774.0046296296297,370.1929182733065
775.0,370.13439496397973
776.0069444444445,370.07509833285957
777.0023148148148,370.0163912333185
778.0092592592592,369.9569080905337
779.0046296296297,369.8980160427783
780.0,369.8390316211488
781.0069444444445,369.77926704639475
782.0023148148148,369.72009592234434
783.0092592592592,369.66014187590685
784.0046296296297,369.6007828637641
785.0,369.54133000589627
786.0069444444445,369.48109004323186
787.0023148148148,369.42144750097117
788.0092592592592,369.3610150355641
789.0046296296297,369.3011815946661
790.0,369.2412528007375
791.0069444444445,369.1805298268171
792.0023148148148,369.1204082945017
793.0092592592592,369.0594897134714
794.0046296296297,368.9991741990512
795.0,368.93876178767255
796.0069444444445,368.8775479943007
797.0023148148148,368.8169397161948
798.0092592592592,368.75552713564224
799.0046296296297,368.6947217166284
800.0,368.63381781893594
801.0069444444445,368.57210520704183
802.0023148148148,368.51100223748574
803.0092592592592,368.44908758015185
804.0046296296297,368.38778423311373
805.0,368.3263807866266
806.0069444444445,368.26416115997915
807.0023148148148,368.2025553571796
808.0092592592592,368.1401303460663
809.0046296296297,368.0783208488319
810.0,368.0164095910303
811.0069444444445,367.9536745497277
812.0023148148148,367.89155756920763
813.0092592592592,367.82861372095067
814.0046296296297,367.766289645995
815.0,367.7038621076709
816.0069444444445,367.64060304129964
817.0023148148148,367.5779663291378
818.0092592592592,367.5144949470675
819.0046296296297,367.45164765462744
820.0,367.38869515291043
821.0069444444445,367.3249032335058
822.0023148148148,367.261738019255
823.0092592592592,367.1977301862054
824.0046296296297,367.1343508170815
825.0,367.0708644481972
826.0069444444445,367.00653062279804
827.0023148148148,366.9428279121304
828.0092592592592,366.8782744829105
829.0046296296297,366.8143539509755
830.0,366.75032458270806
831.0069444444445,366.6854395656791
832.0023148148148,366.6211901326822
833.0092592592592,366.55608172623346
834.0046296296297,366.49161071061064
835.0,366.427028974385
836.0069444444445,366.361583239357
837.0023148148148,366.29677761853395
838.0092592592592,366.2311046097558
839.0046296296297,366.166073546676
840.0,366.10092982936465
841.0069444444445,366.03491360085735
842.0023148148148,365.9695420787474
843.0092592592592,365.90329458995257
844.0046296296297,365.8376936642202
845.0,365.7719780995343
846.0069444444445,365.7053813441694
847.0023148148148,365.63943395061233
848.0092592592592,365.57260184261946
849.0046296296297,365.50642097874544
850.0,365.44012343826796
851.0069444444445,365.3729358556373
852.0023148148148,365.30640235464836
853.0092592592592,365.23897521745323
854.0046296296297,365.1722040703464
855.0,365.1053141541798
856.0069444444445,365.0375251673013
857.0023148148148,364.97039504753144
858.0092592592592,364.9023621905912
859.0046296296297,364.83499013586345
860.0,364.76749716282916
861.0069444444445,364.69909590810073
862.0023148148148,364.6313583728839
863.0092592592592,364.56270881494413
864.0046296296297,364.4947249387736
865.0,364.4266179361604
866.0069444444445,364.35759325295965
867.0023148148148,364.2892372098779
868.0092592592592,364.2199596683187
869.0046296296297,364.15135275682246
870.0,364.08262044972275
871.0069444444445,364.01296086945945
872.0023148148148,363.94397491945324
873.0092592592592,363.8740577991754
874.0046296296297,363.80481632732227
875.0,363.7354471273832
876.0069444444445,363.66514086206723
877.0023148148148,363.595513288022
878.0092592592592,363.5249446698148
879.0046296296297,363.4550567897987
880.0,363.3850387835307
881.0069444444445,363.3140737138111
882.0023148148148,363.2437924686093
883.0092592592592,363.1725600969251
884.0046296296297,363.1020136260055
885.0,363.0313345624823
886.0069444444445,362.9596982250856
887.0023148148148,362.888750919098
888.0092592592592,362.8168421892924
889.0046296296297,362.7456245970363
890.0,362.67427187504524
891.0069444444445,362.6019514496559
892.0023148148148,362.53032533765025
893.0092592592592,362.4577272826042
894.0046296296297,362.38582567755134
895.0,362.3137863321034
896.0069444444445,362.2407686275877
897.0023148148148,362.16845059496444
898.0092592592592,362.0951498710392
899.0046296296297,362.0225509866755
900.0,361.94981167485935
901.0069444444445,361.87608311484195
902.0023148148148,361.803059663238
903.0092592592592,361.72904253555834
904.0046296296297,361.65573271563835
905.0,361.5822797018085
906.0069444444445,361.50782630948817
907.0023148148148,361.4340835416494
908.0092592592592,361.359335868665
909.0046296296297,361.2853010517852
910.0,361.2111201919774
911.0069444444445,361.1359275742704
912.0023148148148,361.06145117819403
913.0092592592592,360.9859583954569
914.0046296296297,360.91118409888446
915.0,360.8362608244829
916.0069444444445,360.76031415528615
917.0023148148148,360.6850893875109
918.0092592592592,360.608836490646
919.0046296296297,360.53330779329315
920.0,360.4576270938497
921.0069444444445,360.38091109650674
922.0023148148148,360.304922764644
923.0092592592592,360.22789429145587
924.0046296296297,360.15159581603206
925.0,360.07514222121983
926.0069444444445,359.9976411500936
927.0023148148148,359.9208735943865
928.0092592592592,359.8430536060389
929.0046296296297,359.7659695002511
930.0,359.68872706089076
931.0069444444445,359.61042468194756
932.0023148148148,359.53286175590756
933.0092592592592,359.4542338171201
934.0046296296297,359.37634773390647
935.0,359.2983000019882
936.0069444444445,359.21917957240527
937.0023148148148,359.1408046224378
938.0092592592592,359.0613517806698
939.0046296296297,358.9826468573892
940.0,358.9037768650623
941.0069444444445,358.8238211117331
942.0023148148148,358.7446169556556
943.0092592592592,358.6643217191566
944.0046296296297,358.58478055569435
945.0,358.50507079311365
946.0069444444445,358.4242618900063
947.0023148148148,358.34421079446
948.0092592592592,358.26305510916933
949.0046296296297,358.18265974481494
950.0,358.10209213682634
951.0069444444445,358.0204116811538
952.0023148148148,357.93949533776475
953.0092592592592,357.85746056293976
954.0046296296297,357.7761924520843
955.0,357.69474833361244
956.0069444444445,357.6121773206564
957.0023148148148,357.53037682091536
958.0092592592592,357.4474437034251
959.0046296296297,357.3652836898593
960.0,357.28294377996025
961.0069444444445,357.1994625765467
962.0023148148148,357.1167583852746
963.0092592592592,357.0329070324991
964.0046296296297,356.94983532233164
965.0,356.8665796967903
966.0069444444445,356.78216801326533
967.0023148148148,356.6985399406208
968.0092592592592,356.61374979180283
969.0046296296297,356.5297459248193
970.0,356.4455539872181
971.0069444444445,356.3601908478364
972.0023148148148,356.27561801973076
973.0092592592592,356.1898678157125
974.0046296296297,356.104910635137
975.0,356.01976108627116
976.0069444444445,355.93342479795126
977.0023148148148,355.8478856247822
978.0092592592592,355.76115337601493
979.0046296296297,355.675220996527
980.0,355.58909180207644
981.0069444444445,355.501759921263
982.0023148148148,355.41523206481526
983.0092592592592,355.3274950175174
984.0046296296297,355.2405647914307
985.0,355.15343314771445
986.0069444444445,355.0650824453952
987.0023148148148,354.97754278384895
988.0092592592592,354.88877738417966
989.0046296296297,354.80082586558444
990.0,354.7126681633359
991.0069444444445,354.6232745879451
992.0023148148148,354.5346991787944
993.0092592592592,354.44488103488925
994.0046296296297,354.35588394171185
995.0,354.2666757276803
996.0069444444445,354.1762143657887
997.0023148148148,354.08657840650716
998.0092592592592,353.9956822482524
999.0046296296297,353.90561442203074
1000.0,353.8153303582622
1001.0069444444445,353.7237753929151
1002.0023148148148,353.63305317929945
1003.0092592592592,353.5410528156692
1004.0046296296297,353.4498881788375
1005.0,353.35850199948345
1006.0069444444445,353.26582666597795
1007.0023148148148,353.1739915478816
1008.0092592592592,353.08085982160827
1009.0046296296297,352.988571332193
1010.0,352.8960557976393
1011.0069444444445,352.80223233655187
1012.0023148148148,352.7092566709081
1013.0092592592592,352.61496541039367
1014.0046296296297,352.52152501387616
1015.0,352.4278518620133
1016.0069444444445,352.33285146927835
1017.0023148148148,352.23870657014845
1018.0092592592592,352.1432265383005
1019.0046296296297,352.0486051163934
1020.0,351.95374501078203
1021.0069444444445,351.857537784637
1022.0023148148148,351.7621938700881
1023.0092592592592,351.6654947099099
1024.0046296296296,351.5696620261222
1025.0,351.4735845008483
1026.0069444444443,351.37613938531933
1027.0023148148148,351.2795655208724
1028.0092592592594,351.18161569751334
1029.0046296296296,351.0845403391281
1030.0,350.9872137400899
1031.0069444444443,350.88849846483487
1032.0023148148148,350.79066250321176
1033.0092592592594,350.691429242257
1034.0046296296296,350.5930785585456
1035.0,350.49446998080145
1036.0069444444443,350.394450996927
1037.0023148148148,350.2953195138127
1038.0092592592594,350.1947687354311
1039.0046296296296,350.09510877170413
1040.0,349.9951839927509
1041.0069444444443,349.89382640440016
1042.0023148148148,349.793364629915
1043.0092592592594,349.691460878605
1044.0046296296296,349.5904563058605
1045.0,349.4891797142858
1046.0069444444443,349.38644720553606
1047.0023148148148,349.2846189509919
1048.0092592592594,349.18132532054835
1049.0046296296296,349.0789393602917
1050.0,348.9762738796249
1051.0069444444443,348.8721286363881
1052.0023148148148,348.76889621606654
1053.0092592592594,348.66417426931764
1054.0046296296296,348.56036861316676
1055.0,348.456275620372
1056.0069444444443,348.3506782468259
1057.0023148148148,348.2460023942422
1058.0092592592594,348.1398120772233
1059.0046296296296,348.0345468008453
1060.0,347.92898603911885
1061.0069444444443,347.821895468262
1062.0023148148148,347.7157352464888
1063.0092592592594,347.608034796427
1064.0046296296296,347.5012682673857
1065.0,347.39419775266106
1066.0069444444443,347.28557115042025
1067.0023148148148,347.17788385599385
1068.0092592592594,347.0686297027338
1069.0046296296296,346.9603184816232
1070.0,346.8516944023538
1071.0069444444443,346.7414870647285
1072.0023148148148,346.63222812450863
1073.0092592592594,346.52137478470615
1074.0046296296296,346.41147351905147
1075.0,346.30125012857746
1076.0069444444443,346.18941537119633
1077.0023148148148,346.0785382316234
1078.0092592592594,345.9660381950289
1079.0046296296296,345.8544995052712
1080.0,345.7426290061474
1081.0069444444443,345.6291180455424
1082.0023148148148,345.51657405353524
1083.0092592592594,345.40237766078394
1084.0046296296296,345.28915201766046
1085.0,345.1755844372222
1086.0069444444443,345.060346263079
1087.0023148148148,344.94608453786003
1088.0092592592594,344.83013984885343
1089.0046296296296,344.71517544134053
1090.0,344.5998584976932
1091.0069444444443,344.4828397352034
1092.0023148148148,344.3668070302056
1093.0092592592594,344.24905968225374
1094.0046296296296,344.13230227523576
1095.0,344.0151812327271
1096.0069444444443,343.896325994174
1097.0023148148148,343.77846654805916
1098.0092592592594,343.6588596028909
1099.0046296296296,343.5402523835413
1100.0,343.42126989679224
1101.0069444444443,343.3005196212912
1102.0023148148148,343.1807749970462
1103.0092592592594,343.05924877545425
1104.0046296296296,342.938732187246
1105.0,342.817828132554
1106.0069444444443,342.69512141281274
1107.0023148148148,342.5734303237889
1108.0092592592594,342.4499222268667
1109.0046296296296,342.3274337900216
1110.0,342.20454508295563
1111.0069444444443,342.0798174777543
1112.0023148148148,341.9561155993342
1113.0092592592594,341.83055991483855
1114.0046296296296,341.7060340318298
1115.0,341.5810944295693
1116.0069444444443,341.4542782605644
1117.0023148148148,341.3284980259864
1118.0092592592594,341.2008257184187
1119.0046296296296,341.07419346302095
1120.0,340.9471333499579
1121.0069444444443,340.81815748117026
1122.0023148148148,340.6902278599292
1123.0092592592594,340.5603663426023
1124.0046296296296,340.4315552308122
1125.0,340.30230138562155
1126.0069444444443,340.1710909838397
1127.0023148148148,340.04093724082503
1128.0092592592594,339.90881012806204
1129.0046296296296,339.7777438689554
1130.0,339.64621921121795
1131.0069444444443,339.51269548524635
1132.0023148148148,339.3802389185531
1133.0092592592594,339.2457657558536
1134.0046296296296,339.1123639802458
1135.0,338.9784872943936
1136.0069444444443,338.8425672109304
1137.0023148148148,338.70772486607547
1138.0092592592594,338.570820835934
1139.0046296296296,338.4349988004174
1140.0,338.2986844346039
1141.0069444444443,338.16028040817474
1142.0023148148148,338.022964766114
1143.0092592592594,337.8835403667409
1144.0046296296296,337.7452086304082
1145.0,337.6063661673693
1146.0069444444443,337.4653857213473
1147.0023148148148,337.3255043573156
1148.0092592592594,337.1834650512226
1149.0046296296296,337.0425291219242
1150.0,336.90106301883145
1151.0069444444443,336.7574084143527
1152.0023148148148,336.6148636242533
1153.0092592592594,336.4701094532823
1154.0046296296296,336.32646939998307
1155.0,336.18227859354766
1156.0069444444443,336.0358464225549
1157.0023148148148,335.8905348130884
1158.0092592592594,335.74295997590013
1159.0046296296296,335.5965100030908
1160.0,335.4494874759205
1161.0069444444443,335.30016821405667
1162.0023148148148,335.151980252252
1163.0092592592594,335.0014726398783
1164.0046296296296,334.85210061956195
1165.0,334.702132923089
1166.0069444444443,334.54981043767464
1167.0023148148148,334.39862995500954
1168.0092592592594,334.2450706392536
1169.0046296296296,334.09265759527216
1170.0,333.9396243239315
1171.0069444444443,333.78417533139515
1172.0023148148148,333.629878976725
1173.0092592592594,333.47314164570065
1174.0046296296296,333.31756118446776
1175.0,333.16133439497185
1176.0069444444443,333.0026278614858
1177.0023148148148,332.84508449648973
1178.0092592592594,332.68503483048266
1179.0046296296296,332.5261525113713
1180.0,332.3665960801383
1181.0069444444443,332.20449255808256
1182.0023148148148,332.0435625876924
1183.0092592592594,331.88005756762436
1184.0046296296296,331.71773020500876
1185.0,331.55469911564046
1186.0069444444443,331.38905000750253
1187.0023148148148,331.22458463680186
1188.0092592592594,331.05747177645287
1189.0046296296296,330.89154666447547
1190.0,330.72488621586655
1191.0069444444443,330.55553295584673
1192.0023148148148,330.3873733635061
1193.0092592592594,330.2164898550864
1194.0046296296296,330.0468039045632
1195.0,329.8763488289351
1196.0069444444443,329.70312197097854
1197.0023148148148,329.5310983877424
1198.0092592592594,329.3562701488696
1199.0046296296296,329.1826489240704
1200.0,329.00822240221595
1201.0069444444443,328.83094060130696
1202.0023148148148,328.6548712801095
1203.0092592592594,328.4759118881663
1204.0046296296296,328.2981685293233
1205.0,328.1195810884172
1206.0069444444443,327.9380499597453
1207.0023148148148,327.75774002180714
1208.0092592592594,327.5744495193791
1209.0046296296296,327.3923835341148
1210.0,327.20943181085306
1211.0069444444443,327.0234426489463
1212.0023148148148,326.8386827875152
1213.0092592592594,326.65084633969514
1214.0046296296296,326.46424224390273
1215.0,326.2767075927351
1216.0069444444443,326.0860359293716
1217.0023148148148,325.8966009494178
1218.0092592592594,325.7039873303408
1219.0046296296296,325.5126131152818
1220.0,325.32026003783943
1221.0069444444443,325.12466401371825
1222.0023148148148,324.93031118215157
1223.0092592592594,324.7326710641077
1224.0046296296296,324.5362764625102
1225.0,324.3388508299887
1226.0069444444443,324.13806935057323
1227.0023148148148,323.9385365265459
1228.0092592592594,323.7356005398696
1229.0046296296296,323.5339150584722
1230.0,323.33114209323
1231.0069444444443,323.1248927334854
1232.0023148148148,322.9198962427806
1233.0092592592594,322.7113727686154
1234.0046296296296,322.5041034483258
1235.0,322.2956854246054
1236.0069444444443,322.0836620404804
1237.0023148148148,321.87289425067416
1238.0092592592594,321.65846690136476
1239.0046296296296,321.4452957585864
1240.0,321.2309093739912
1241.0069444444443,321.01277936995774
1242.0023148148148,320.79590591437
1243.0092592592594,320.5752306467295
1244.0046296296296,320.355811739753
1245.0,320.13510509928875
1246.0069444444443,319.91050629067325
1247.0023148148148,319.6871628782563
1248.0092592592594,319.4598646737039
1249.0046296296296,319.23382072620655
1250.0,319.00640986831763
1251.0069444444443,318.7749468642678
1252.0023148148148,318.5447355990354
1253.0092592592594,318.3104046301395
1254.0046296296296,318.0773231291091
1255.0,317.842788007522
1256.0069444444443,317.6040280237887
1257.0023148148148,317.36651314042973
1258.0092592592594,317.1247003255235
1259.0046296296296,316.88412899227717
1260.0,316.64200880817606
1261.0069444444443,316.39547679846174
1262.0023148148148,316.15017969936787
1263.0092592592594,315.90039152408485
1264.0046296296296,315.65183303348164
1265.0,315.4016207876494
1266.0069444444443,315.1467937559094
1267.0023148148148,314.89318720762714
1268.0092592592594,314.63487966339665
1269.0046296296296,314.3777854563454
1270.0,314.11892155950886
1271.0069444444443,313.8552218821207
1272.0023148148148,313.59272319444455
1273.0092592592594,313.32529464690015
1274.0046296296296,313.0590576427579
1275.0,312.79092238174286
1276.0069444444443,312.51770992523336
1277.0023148148148,312.2456728910571
1278.0092592592594,311.9684556432506
1279.0046296296296,311.69240160865894
1280.0,311.41430621334723
1281.0069444444443,311.13086897726544
1282.0023148148148,310.8485742929429
1283.0092592592594,310.560824545973
1284.0046296296296,310.27420181159675
1285.0,309.9853777988339
1286.0069444444443,309.69092073971683
1287.0023148148148,309.39756454864147
1288.0092592592594,309.09845037983825
1289.0046296296296,308.8004175103465
1290.0,308.50000388998257
1291.0069444444443,308.19363548496085
1292.0023148148148,307.888315585169
1293.0092592592594,307.5769024549406
1294.0046296296296,307.26651336314904
1295.0,306.95354116999454
1296.0069444444443,306.6342571483832
1297.0023148148148,306.3159562683487
1298.0092592592594,305.9911894196514
1299.0046296296296,305.6673752616504
1300.0,305.3407487134272
1301.0069444444443,305.0074122083774
1302.0023148148148,304.67497756985017
1303.0092592592594,304.3356604852686
1304.0046296296296,303.9972074632831
1305.0,303.6556808210937
1306.0069444444443,303.306997952573
1307.0023148148148,302.9591160855079
1308.0092592592594,302.6038838923536
1309.0046296296296,302.24940580299494
1310.0,301.8915547018917
1311.0069444444443,301.52604426808654
1312.0023148148148,301.161209689253
1313.0092592592594,300.7884960211832
1314.0046296296296,300.41639998214134
1315.0,300.0405855664117
1316.0069444444443,299.6565410511773
1317.0023148148148,299.2730169207798
1318.0092592592594,298.88101220393366
1319.0046296296296,298.4894554186305
1320.0,298.0937790002488
1321.0069444444443,297.6892204341078
1322.0023148148148,297.2849885914987
1323.0092592592594,296.8715869468078
1324.0046296296296,296.45842153967266
1325.0,296.04066660727096
1326.0069444444443,295.61327884675006
1327.0023148148148,295.18597558849586
1328.0092592592594,294.7487064070078
1329.0046296296296,294.3114081488913
1330.0,293.86896524222755
1331.0069444444443,293.41601779434086
1332.0023148148148,292.9628502168218
1333.0092592592594,292.4987887736624
1334.0046296296296,292.0343637016732
1335.0,291.5641316949315
1336.0069444444443,291.082373043932
1337.0023148148148,290.6000084377378
1338.0092592592594,290.1056573361354
1339.0046296296296,289.6105174966855
1340.0,289.1087718049241
1341.0069444444443,288.594287849688
1342.0023148148148,288.0787050116146
1343.0092592592594,287.5498342364309
1344.0046296296296,287.01962943238857
1345.0,286.4818428863166
1346.0069444444443,285.92986379569396
1347.0023148148148,285.3761493602367
1348.0092592592594,284.80757629875933
1349.0046296296296,284.23696172271485
1350.0,283.6575561351469
1351.0069444444443,283.0621872940594
1352.0023148148148,282.4642507397896
1353.0092592592594,281.84953093696294
1354.0046296296296,281.23183895484635
1355.0,280.60383249881676
1356.0069444444443,279.9576706905048
1357.0023148148148,279.307835671342
1358.0092592592594,278.6388170120092
1359.0046296296296,277.9655813858006
1360.0,277.28007454998607
1361.0069444444443,276.57364515283143
1362.0023148148148,275.8620466290507
1363.0092592592594,275.1282075559506
1364.0046296296296,274.388452630314
1365.0,273.6338551390348
1366.0069444444443,272.8547598753506
1367.0023148148148,272.0684246717803
1368.0092592592594,271.2558574284324
1369.0046296296296,270.43499767356275
1370.0,269.59582217473724
1371.0069444444443,268.7273982929308
1372.0023148148148,267.84878618965854
1373.0092592592594,266.93856913883144
1374.0046296296296,266.01663117737786
1375.0,265.0715255789412
1376.0069444444443,264.09063684177863
1377.0023148148148,263.095211861792
1378.0092592592594,262.060670209215
1379.0046296296296,261.0092664728397
1380.0,259.92762498422525
1381.0069444444443,258.8008094808953
1382.0023148148148,257.6527491162997
1383.0092592592594,256.45454891568795
1384.0046296296296,255.23137922254298
1385.0,253.96709203938767
1386.0069444444443,252.64334365285373
1387.0023148148148,251.2873625121191
1388.0092592592594,249.86399470369426
1389.0046296296296,248.40197918559053
1390.0,246.88083247292414
1391.0069444444443,245.27673784418496
1392.0023148148148,243.62086899677013
1393.0092592592594,241.86812164297422
1394.0046296296296,240.05134731349162
1395.0,238.14235757822172
1396.0069444444443,236.10726139863766
1397.0023148148148,233.9811848676102
1398.0092592592594,231.70070348257292
1399.0046296296296,229.3018249595184
1400.0,226.73950365243758
1401.0069444444443,223.9566496385364
1402.0023148148148,220.98734363273346
1403.0092592592594,217.72431094245053
1404.0046296296296,214.19425962338502
1405.0,210.29843395969922
1406.0069444444443,205.89859960532934
1407.0023148148148,200.97662056586054
1408.0092592592594,195.24161577870044
1409.0046296296296,188.55819201664534
1410.0,180.42671685995163
1411.0069444444443,169.90262004789895
1412.0023148148148,155.4537195949098
